286519801201,user
286522801202,user
286528201201,user
286531801202,user
286531801200,user
286537801202,user
286539001200,user
286540801200,user
286542601202,user
286544401200,user
286550401200,user
286551601200,user
286552801200,user
286555201200,user
286556401201,user
286560001200,user
286560601201,user
286562401200,user
286568401201,user
286569601201,user
286570201202,user
286575001202,user
286578001201,user
286582201202,user
286582801201,user
286584601201,user
286585201202,user
286585801200,user
286588801201,user
286591801202,user
286599601202,user
286601401202,user
286601401201,user
286602601200,user
286605001202,user
286545600902,50766180742
286560000902,50766180742
286603200902,50766180742
